{
  "Sync content layer": {
    "elapsedTime": 2349.4209580000006,
    "heapUsedChange": 33736000,
    "heapUsedTotal": 182492400
  },
  "Prerender build": {
    "elapsedTime": 44605.71325,
    "heapUsedChange": 2400921648,
    "heapUsedTotal": 2586484904
  },
  "Client build": {
    "elapsedTime": 179.02616700000362,
    "heapUsedChange": 24846632,
    "heapUsedTotal": 2611961360
  },
  "Static generate": {
    "elapsedTime": 42747.081874999996,
    "heapUsedChange": 267377920,
    "heapUsedTotal": 2916647312
  },
  "Total build": {
    "elapsedTime": 91851.355167,
    "heapUsedChange": 2828850008,
    "heapUsedTotal": 2933432448
  }
}