{
  "Sync content layer": {
    "elapsedTime": 2460.274333,
    "heapUsedChange": 218769256,
    "heapUsedTotal": 362286144
  },
  "Prerender build": {
    "elapsedTime": 43496.762084,
    "heapUsedChange": 2084641544,
    "heapUsedTotal": 2449978848
  },
  "Client build": {
    "elapsedTime": 192.61737499999435,
    "heapUsedChange": 25979832,
    "heapUsedTotal": 2476579272
  },
  "Static generate": {
    "elapsedTime": 45380.27012500001,
    "heapUsedChange": 624305584,
    "heapUsedTotal": 3138734480
  },
  "Total build": {
    "elapsedTime": 93346.047084,
    "heapUsedChange": 3068069512,
    "heapUsedTotal": 3162485992
  }
}